{"cameraMode":{"drawMode":0,"name":"Shaded","section":"Shading Mode"},"sceneLighting":false,"audioPlay":false,"sceneViewState":{"m_AlwaysRefresh":false,"showFog":true,"showSkybox":false,"showFlares":true,"showImageEffects":true,"showParticleSystems":true,"showVisualEffectGraphs":true,"m_FxEnabled":true},"in2DMode":false,"pivot":{"x":-13.110084533691407,"y":0.8170395493507385,"z":-11.1453857421875},"rotation":{"x":-0.055304352194070819,"y":-0.2602286636829376,"z":0.014873536303639412,"w":-0.9638751149177551},"size":0.15940557420253755,"orthographic":false}